TITLE,SCORE,UPS,VIEWS,COMMENTS,FAVORITE COUNT,LINK
Anime recommendations for everyone in 9 categories,26841,28146,1386866,2007,28513,https://i.imgur.com/NJWf0d3.jpg
So you want to get into anime?,24894,26647,298393,1614,24961,https://imgur.com/a/HgtMG
Ever watch a movie with a twist so incredible it just leaves you like:,24100,24429,505056,1132,21851,https://imgur.com/a/CXbqu
Must Watch Anime Movies,23963,24486,1270124,1221,26870,https://imgur.com/a/eKuGn
Literally only posting for my own benefit. Press 0 if you want to add to the pile of neglected lists in your favourites.,23860,25628,68187,2907,25398,https://i.imgur.com/cTYCT1y.jpg
10 Movies you'll enjoy if you like Studio Ghibli,23813,24222,290643,1149,25100,https://imgur.com/a/n5cmO
Must see anime for the slightly older audience,23744,23827,783367,2704,23162,https://imgur.com/a/PJBNl
Anime for adults (no teenagers this time),23452,24572,44703,3514,24867,https://i.imgur.com/6PFIGTd.jpg
Ten Animes for Older Audiences,23134,23103,965571,1210,24468,https://imgur.com/a/TIc9S
"ACTUALLY good anime (no moe shit, whiny teenage protagonists, or vapid bullshit)",22969,24076,645805,2071,25662,https://imgur.com/a/yQHIW
Spring 2016 Seasonal Anime!,21471,22298,335876,1042,21389,https://imgur.com/a/van3M
Anime for adults (no teenagers this time),20574,21507,64555,1407,21602,https://i.imgur.com/ANQyBqn.jpg
Anime VS Reality,20316,20152,817405,691,12053,https://imgur.com/a/VoxHX
Must Watch Anime Movies,19959,20078,754190,1163,21499,https://imgur.com/a/Wxi0C
Best anime of 2014,19939,20020,698479,1337,20511,https://imgur.com/a/CMeRz
Top Summer Anime 2015,19490,20204,1065880,1200,21846,https://imgur.com/a/W4z1X
Father and son designed anime creatures P. 2,19414,19498,225692,512,10642,https://imgur.com/a/lVEi6
You're gay~,19391,19494,625525,733,9208,https://imgur.com/a/Y55Gs
6 Short Animes That You Should Watch,19374,19325,967180,1463,18825,https://imgur.com/a/4tKgK
Must Watch Anime Movies Pt.5,19082,19239,666091,536,20453,https://imgur.com/a/oNhIp
What I Imagine Making Friends Would Be Like If I Ever Got Fit,18946,19058,656730,578,8176,http://i.imgur.com/yVBsvWlh.gif
10 More Anime for Older Audiences,18610,18706,796932,1098,19527,https://imgur.com/a/51QQs
Anime Movies you may not have seen,18393,17818,1208558,588,18040,https://imgur.com/a/9UGCL
25 Anime Series Worth Watching,18133,18834,407294,1112,19118,https://imgur.com/a/kankR
The Films of Hayao Miyazaki,18102,18254,480128,627,16795,https://imgur.com/a/rDS5x
13 Comedy Anime Series for when you want some laughs,17954,18622,451351,769,18063,https://imgur.com/a/P83Mk
If you like Hayao Miyazaki films than I would highly recommend this movie,17687,17930,248945,523,15233,https://imgur.com/a/Ak360
Anime recommendations for everyone 2.0,17600,18679,47215,1781,18325,https://i.imgur.com/uc7gUWm.jpg
"Mixed anime list, some for everyone! (Updated)",17160,17994,545748,1473,20492,https://imgur.com/a/s99VB
Every day,16729,16923,68041,247,7339,https://i.imgur.com/sWxg0Tt.gif
Some anime,16698,17192,236516,452,16210,https://imgur.com/a/xnt8z
2015 Anime Awards!!,16527,17272,322954,1825,16340,https://imgur.com/a/R2bOm
good anime that don't take weeks to get caught up on.,16027,16526,220107,961,15292,https://imgur.com/a/dg5Ba
Gaming/Fantasy Backgrounds Share,15948,15940,658332,463,16433,https://imgur.com/a/zgfRk
Animes from 2015 that I recommend!,15812,16606,332545,1222,16307,https://imgur.com/a/dtYTe
"""Here's 10 animes that-..""",15551,16252,49638,1207,4413,https://i.imgur.com/qXDSJuT.gif
Anime recommendations (for the older audience),15449,15504,435575,1047,14779,https://imgur.com/a/I6XwW
MadamLadyBoner's 10 anime recommendations,15076,16323,220610,910,15621,https://imgur.com/a/WE5lc
remember that sasuke figurine that could hold up like literally fucking anything,14974,14728,680745,454,6785,https://imgur.com/a/3vwjU
Highly recommended read for Avatar fans.,14973,15320,18125,413,15458,https://i.imgur.com/TXe3AE1.png
"7 totally ""innocent"" anime for the person who has never seen anime. shhh",14951,15883,453730,1454,15145,https://imgur.com/a/3YIOu
Deciding which anime to watch,14825,15681,339633,1585,15071,https://imgur.com/a/X8gds
Ten More Anime for Older Audiences,14797,14960,658713,861,15236,https://imgur.com/a/NSYPP
10 Anime That I thoroughly Enjoyed Watching,14738,15305,332689,1234,14643,https://imgur.com/a/eX0Ot
Ten More Anime for Older Audiences,14594,15138,732888,1145,15732,https://imgur.com/a/qNypT
12 Anime Recommendations!,14321,15369,226819,1179,14412,https://imgur.com/a/7FLum
Neat animated shorts (<20 min),14263,14278,627266,780,14844,https://imgur.com/a/N89w0
Ten More Anime for Older Audiences,14240,14426,745583,964,15152,https://imgur.com/a/RndzY
Checkmate,14081,14275,97712,549,7959,http://i.imgur.com/ip9UMajh.gif
Some Anime,14071,14724,196166,617,14123,https://imgur.com/a/zLU0s
Top Five Anime this Season,13834,14010,570042,1058,13345,https://imgur.com/a/8208D
some awesome anime movies you may or may not have seen before with my shitty descriptions of them.,13809,14307,212207,393,12555,https://imgur.com/a/Vs2WY
15 actually good anime with no fanservice bullshit,13709,14320,333983,1313,13690,https://imgur.com/a/H8Mkm
16 other great anime you should watch,13603,13703,421725,587,13626,https://imgur.com/a/xt4mO
My top ten anime you probably have seen,13538,14619,233045,1138,12485,https://imgur.com/a/fuaFH
Ten More Anime for Older Audiences,13403,13688,639015,899,14370,https://imgur.com/a/9Pv79
"Welcome to ""Nope,"" the anime",12884,12702,618409,344,7293,https://imgur.com/a/J5sbp
20 Anime Recommendations,12753,13669,525617,1769,14907,https://imgur.com/a/Ftrri
What I Watched - What I Expected - What I Got,12714,13480,35976,1502,11558,https://i.imgur.com/vwZ9ORV.jpg
When your legendary OC gets reposted (OC),12671,13469,200658,419,5348,http://i.imgur.com/rGkrThTh.gif
Incase you haven't seen this show yet,12617,12706,477491,791,9780,https://i.imgur.com/NBEIFBz.png
Thank You For The Memories Studio Ghibli,12604,12516,521776,556,9933,https://imgur.com/a/33adV
For future use,12541,12832,43930,396,9983,https://i.imgur.com/YcdDnOb.gif
5 Addictive anime from 2015,12360,12842,381649,911,12076,https://imgur.com/a/y2Sgg
48 anime films you should see before you die,12324,12768,55734,1176,13436,https://i.imgur.com/3CY4W9e.jpg
Why... why was this in my favorites? Oh... yeah.,12058,12478,8904,536,6630,https://i.imgur.com/GsN4qDt.jpg
My top 10 anime of 2015,12054,12942,338118,937,12729,https://imgur.com/a/AXa78
17 animated cartoons for adults (mostly),12034,12269,309811,678,11711,https://imgur.com/a/zvURD
just sayin,12010,12278,8540,984,2720,https://i.imgur.com/hwLfQLW.jpg
Comedy Animes you should definitely watch,11965,12080,568854,667,11536,https://imgur.com/a/D2u4Q
The Rolling Girls - An anime produced by Studio Wit,11941,12116,503356,493,11845,https://imgur.com/a/RTuJJ
Some anime I believe you can enjoy,11894,12814,267539,789,11202,https://imgur.com/a/XJXOG
He has his priorities straight,11886,11829,562013,382,5510,https://imgur.com/a/8hyE8
The Ultimate Anime Recommendation Flowchart,11860,12527,219596,1003,14731,https://i.imgur.com/yPVPj9Q.jpg
10 Enjoyable Anime to Watch! (No Particular Order),11735,11844,511536,807,11418,https://imgur.com/a/kdVXv
10 Anime For The Oder Audience You May Not Know About,11711,11994,376839,841,11420,https://imgur.com/a/sTpZ8
I know imgur doesnt like anime but maybe they like it out of context?,11569,11878,480263,1065,9061,https://imgur.com/a/8JRkw
People doing the anime glasses thing,11568,11268,1195936,357,5717,https://imgur.com/a/na8M5
First Cake day was a few days ago,11463,11391,584821,621,10631,https://imgur.com/a/OdJpi
Mako Monogatari (Mako's Story),11462,11643,409262,402,7650,https://imgur.com/a/nWKo4
.,11435,11561,180190,279,6274,https://imgur.com/a/AMlV7
Dragon Ball Historia Part 1. Age 0-733,11427,11679,409320,361,9702,https://imgur.com/a/4j9Ta
Anime Recommendation (7 TV shows and 3 Movies),11250,11931,452771,699,12580,https://imgur.com/a/ElOBZ
A few awesome anime with interesting/unique art styles.,11234,11313,535330,592,11923,https://imgur.com/a/o20jW
potato,11232,11136,458967,404,6560,https://i.imgur.com/RqmsAJN.gif
Anime / scenery wallpapers,11219,11393,195943,161,10170,https://imgur.com/a/SBhEW
Worth a watch,11156,11554,186876,501,10053,https://imgur.com/a/rwGjO
Artist draws people as anime characters,11121,11109,496134,605,6766,https://imgur.com/a/q7orY
My favorite anime are shit...,11116,11526,210618,976,10268,https://imgur.com/a/j7DBt
"O Greentext, Where Art Thou?",11019,11196,19029,352,3987,https://i.imgur.com/JMCjArT.png
The humans shall pay for this,10926,11054,259567,254,6927,http://i.imgur.com/Co1iOrjh.gif
Can opener sound,10919,10971,363343,185,4182,https://imgur.com/a/LQbiY
"I'll take the downvotes on this one, it'll be worth it!",10879,12463,466221,1055,10818,https://imgur.com/a/TMUpD
I love seeing pussy in anime,10861,11141,363281,484,5223,https://i.imgur.com/QTgjlWO.gif
Must Watch Anime Movies Pt. 3,10839,11124,577799,605,11127,https://imgur.com/a/ZDpo2
Anime recommendation chart for beginners ,10748,11053,281713,1237,17237,https://imgur.com/a/XMmGO
Samuel L. Jackson ( ͡° ͜ʖ ͡°),10667,10658,339534,455,4811,https://imgur.com/a/ruJ30
Me browsing imgur at 4am,10614,10736,64489,267,5449,https://i.imgur.com/ZLkiMt4.gif
Realistic Dragonball Z Villains,10609,10743,448152,576,6906,https://imgur.com/a/hsjMj
Anime I Highly Recommend and Short Descriptions,10529,11067,273202,912,10427,https://imgur.com/a/Zt88j
I need FINISHED anime please.,10502,10656,548631,1631,9397,https://imgur.com/a/NTUpM
Anime 101,10502,11293,184301,721,9834,https://imgur.com/a/MoUra
A simple yet informative guide to understanding boob showcasing,10430,10351,524667,685,6026,https://imgur.com/a/K8s4h
Humanized Disney characters,10329,10473,487137,1105,7470,https://imgur.com/a/GLd5n
Short anime series recommendations for everyone!,10254,10775,173622,771,9957,https://imgur.com/a/PEEvk
Animator redraws his sons art into Anime,10246,10253,300173,524,6787,https://imgur.com/a/7WvrN
Must Watch Anime Movies Pt. 2,10244,10434,541681,269,10603,https://imgur.com/a/ZWYiX
Artist draws strangers as anime characters,10243,10519,302758,578,5071,https://imgur.com/a/buMSx
lol,10239,10543,9740,366,3507,https://i.imgur.com/xhaL7v4.png
Maybe Anime wasn’t a mistake after all,10160,10386,151880,837,5074,https://imgur.com/a/d1nm7
Get Rekt Noob,10157,10469,72525,513,6512,http://i.imgur.com/BZFaPqPh.gif
Rethink Homelessness -Cardboard Stories,10146,10049,549621,1372,3131,https://imgur.com/a/7SUR0
Sick of crappy anime top 10's: Part 3,10121,10891,191572,808,9969,https://imgur.com/a/xwFGj
A few good anime,10087,10851,314168,1093,12320,https://imgur.com/a/ClaW8
ALL of the Anime!,10005,10355,118681,283,10317,https://i.imgur.com/L6vrF4j.gif
A Collection of Animemes,9986,10146,315839,712,8199,https://imgur.com/a/n0t2I
Best anime recommendation list I've had so far- Almost trough and I'm still waiting to be disappointed.,9920,10297,18080,764,10996,https://i.imgur.com/VQF77Yr.jpg
Some different but good anime to check out,9896,10317,238313,474,9640,https://imgur.com/a/1pl7B
For future use.,9883,10107,149848,427,6979,https://i.imgur.com/M1kilMF.gif
Here’s some of the best anime shows out there!,9854,10457,305287,1474,14661,https://imgur.com/a/nmVUa
Owwwwwwww,9854,9932,271634,467,4310,http://i.imgur.com/SoKczHeh.gif
Fucking finally.,9805,9967,19386,486,3192,https://i.imgur.com/ykqiURa.jpg
Favorite Anime Cake Day,9781,10549,251386,1015,10027,https://imgur.com/a/7e2kw
Animé <-> Reality,9747,9249,1184016,517,5147,https://imgur.com/a/I02PB
Best Friend Ever .....,9723,9904,368947,679,4031,https://imgur.com/a/pZRZi
For all you anime fans!,9713,10082,29610,1060,10160,https://i.imgur.com/X8QjHR9.jpg
Usersub is getting pretty weird,9597,9895,266284,114,510,https://imgur.com/a/33VH5
Some rarely mentioned anime,9575,10190,133220,597,9490,https://imgur.com/a/wQfz8
MRW parents are out of the house for a week,9525,9765,26089,620,4136,https://i.imgur.com/fifeJOP.gif
That was unexpected,9520,9743,32569,318,3371,https://i.imgur.com/NIzvVzm.gif
Evening plans,9473,9541,368849,513,6009,https://imgur.com/a/oMBgQ
If Michael Bay made a zombie movie,9351,9535,57152,417,6053,http://i.imgur.com/HAhJkQlh.gif
If Harry Potter was anime,9325,9744,10655,796,7129,https://i.imgur.com/ICYFlD4.jpg
D. Piddy strikes again,9307,9471,34947,377,3944,https://i.imgur.com/K5zB7JM.gif
"When you block your mom's ass whoopin', so she calls your dad...",9277,9324,193754,251,4898,https://imgur.com/a/4hNfw9q
Downvoting a -8 post,9191,9519,28672,335,2792,https://i.imgur.com/gyQmwf3.gif
Multi-Track Drifting Live Action,9159,7480,3503583,369,2257,http://i.imgur.com/iyuhjDFh.gif
The Bikini Bottom Horror: Complete Seasons 1&2,9157,9179,290478,287,6579,https://imgur.com/a/fLp22ZV
Concerned Moms Against Anime,9148,9357,18359,707,3881,https://i.imgur.com/j5ceya2.png
O-Oh...,9092,9321,12189,526,4678,https://i.imgur.com/jhPpjGp.jpg
As requested by SweetSweetAmerifags,8988,9029,443727,293,5523,https://imgur.com/a/wycFL
Did my Secret Santa just send me on a quest?!,8979,6574,1081751,487,2426,https://imgur.com/a/1LPfL
Turns out my friend's mom is a racist [Picture],8954,8735,10511,170,2555,https://i.imgur.com/Xn03MTw.jpg
Acing the exam,8922,9030,243674,541,5100,https://imgur.com/a/k2GqH
Koutetsujou no Kabaneri,8919,9238,46735,457,7093,https://i.imgur.com/RgGch3Q.gif
Avatar:The Last Airbender.,8815,8934,393712,542,5699,https://imgur.com/a/9TYYq
Here are some gifs from some of my favorite anime movies. Let me know what you think and i recommend them all.,8810,8814,227773,444,7979,https://imgur.com/a/d6S47
Traps,8780,9027,20026,1083,3400,https://i.imgur.com/CUukLJy.jpg
Today we’re just floating.,8768,8748,159361,187,3752,https://imgur.com/a/8bbXyWd
I got a new shirt,8745,9216,57199,524,4207,https://i.imgur.com/XrJSdsW.jpg
tumblr on anime glasses,8717,8719,270533,163,3277,https://imgur.com/a/C8clI
Yamete Biden-senpai!,8704,7778,2218022,421,6854,https://imgur.com/a/X4Sr3
Best Recent/Upcoming Anime,8698,9208,468396,747,8883,https://imgur.com/a/gvEt4
Ten More Anime for Older Audiences - Film Edition,8697,9442,553001,476,10019,https://imgur.com/a/eaNUO
Star Wars anime fan film,8646,8818,37413,606,6831,https://i.imgur.com/wJOvopW.gif
Studio Ghibli films by year,8632,8708,156158,280,8286,https://imgur.com/a/3WU4G
MRW there are just too many hot chicks in the local bath house.,8596,8687,51075,208,3537,https://i.imgur.com/BWKhB3l.gif
my first two months posting on imgur,8569,8775,93254,346,4256,https://i.imgur.com/C72EpWY.gif
Tamen De Gushi (5 out of 5),8564,9007,184177,495,6760,https://imgur.com/a/8g9u2
The Rule of Anime (1-50),8549,8861,260488,680,6346,https://imgur.com/a/K2ggo
List of eleven anime that I strongly recommend.,8443,8984,213716,1133,8606,https://imgur.com/a/V9H8C
How to get the sax,8427,8840,52613,432,4785,http://i.imgur.com/MKTAQvUh.gif
"A repost, I know, but I haven't seen this in a while, and quite frankly, it's beautiful.",8379,8515,393981,581,6144,https://imgur.com/a/FDRZL
When she gets undressed in front of you for the first time,8369,8583,124466,752,4611,https://i.imgur.com/rVkFjXM.gif
"Love or hate it, anime and its fandom has their moments",8312,8496,199594,501,5511,https://imgur.com/a/issGQ
MRW it's almost Halloween,8294,9018,191255,344,5292,https://i.imgur.com/ezUEo9g.gif
Meat buns,8266,8477,26542,405,3979,https://i.imgur.com/84B3VaY.jpg
Trying to make things right but failing anyway,8244,8456,49437,464,5454,http://i.imgur.com/5axpsBWh.gif
How to eat ice cream,8176,8816,267857,1351,6078,https://i.imgur.com/PIcPACQ.gif
Rationalization,8160,8199,273138,175,3058,https://imgur.com/a/w5fFV
My collection of anime sceneries,8159,8301,128498,66,7866,https://imgur.com/a/CRSl4
MRW my wife says she needs help in the shower,8146,8339,128792,368,3635,https://i.imgur.com/aRy02l9.gif
Trying to explain anime to your friends,8123,8535,59141,789,4398,https://i.imgur.com/73MjHhc.gif
here is my corgi butt for today,8095,8277,172135,132,2344,https://i.imgur.com/jvHLhjl.gif
whore,8093,8317,25484,334,3296,https://i.imgur.com/GaAvRbz.jpg
Me eating in public vs. me eating at home,8091,7496,34791,207,4029,https://i.imgur.com/3ZoL3eC.gif
The Bikini Bottom Horror,8091,8146,229242,285,5961,https://imgur.com/a/MAKKBZ0
Truer Words Have Never Been Spoken,8069,8311,14257,591,3704,https://i.imgur.com/QDyUtHw.jpg
showing my roommate Monster Musume,8061,8140,118799,721,4362,https://i.imgur.com/T5J693r.gif
The truth about being an anime fan in Japan.,8020,8286,489441,1717,3473,https://imgur.com/a/koaxz
When I try introduce my real life friends to Imgur.,8003,8961,30958,457,2279,https://i.imgur.com/0JNCpXc.gif
The Bikini Bottom Horror: Updated 1-21,7997,7968,321120,262,5595,https://imgur.com/a/avSRmyR
The Dude is super talented.,7901,8202,327656,561,5130,https://imgur.com/a/1o5J5
Drawing Model (for you all naruto fans),7795,7996,12649,331,3481,https://i.imgur.com/rfEAUDW.jpg
I need all of the money to fund this,7732,7937,7129,158,3008,https://i.imgur.com/NqaSH1B.jpg
12 Underrated Anime,7691,7954,223368,499,13231,https://imgur.com/a/XmDoedE
The power of love.,7684,7895,27180,401,4498,https://i.imgur.com/gyy5G2l.jpg
Who knows you best,7672,8069,14175,740,4462,https://i.imgur.com/px2niLK.jpg
10 Underrated anime,7664,8418,177945,312,8053,https://imgur.com/a/aUJh6
Spongebob: The Animation,7655,7720,262929,343,5974,https://imgur.com/a/0KU7L
My friend made tribute to commemorate the end of Avatar,7607,7880,10005,360,4423,https://i.imgur.com/Ph8eWjt.jpg
The Usual Father Son Talk,7604,7699,149261,261,2614,https://imgur.com/a/mJxUp
Brutal dark fantasy RPG,7592,8017,392599,702,6104,https://imgur.com/a/FFntH
When you have a sassy comeback to a hurtful comment towards your friend.,7507,7729,33546,319,5161,https://i.imgur.com/FNbvmOw.gif
THIS IS ANIME RECOMMENDATIONS! V4.32601 MUTHAF@!#KA!,7494,7993,208144,458,7319,https://imgur.com/a/22XeJ
Anime Recommendation List,7483,7709,207454,785,12078,https://imgur.com/a/Pa4LvrO
Hip with the kids,7473,7518,249231,218,4885,https://imgur.com/a/xdlIe
Virgin Spirit Bomb,7440,7692,9544,255,3491,https://i.imgur.com/hHzx1gU.jpg
So just asked for source on a hentai gif. MRW its 80 minutes long,7409,7674,376595,764,4635,https://i.imgur.com/gyxyXxD.gif
Trust,7390,7525,8977,272,3045,https://i.imgur.com/CHejCrt.png
Cool Ghibli Info,7372,7397,236837,346,5138,https://imgur.com/a/njAiw
Comprehensive Anime Guide to 2015,7330,7666,184386,417,6951,https://imgur.com/a/VxSja
Drawstrings,7323,7621,28258,1007,3803,https://i.imgur.com/xjdBCgX.png
"They are making a ""Batman Ninja""  anime ",7306,7396,265508,659,4937,https://imgur.com/a/rLS5k
"Amazing Motorcycle (sorry for that girl, she wont go away...)",7302,7588,25555,398,4061,https://i.imgur.com/ExB2E9N.jpg
Drawing,7285,7522,265888,403,4555,https://imgur.com/a/Xk5cEEv
Amazing cosplay series,7250,7337,257349,423,3375,https://imgur.com/a/PYPIW
Meirl,7241,7508,331888,982,2104,https://imgur.com/a/4zSeK
This makes me feel so satisfied,7176,7260,97461,266,3782,https://i.imgur.com/mfCdivN.gif
Let's Watch Dark Souls the Anime!,7168,7415,91181,429,5082,https://i.imgur.com/IcNRfCv.gif
Spring 2016 I plan to watch,7132,7480,139011,387,6799,https://imgur.com/a/Khkgd
How to dad right,7049,7101,170461,137,2439,https://imgur.com/a/EZHe9
Deviant Art in a nutshell!,7041,7176,96090,471,1749,https://i.imgur.com/vVtP01L.gif
Anime From Winter 2016 That I Loved,7039,7382,112005,376,7027,https://imgur.com/a/ocq1m
Sakuga: Yutaka Nakamura,7011,7152,195031,284,6324,https://imgur.com/a/rHOOg
DBZ Pre-historia,7007,7240,308491,299,5906,https://imgur.com/a/cpsBp
Girlfriend just sent this to me,6972,7210,8604,527,3158,https://i.imgur.com/lk2v9Rk.png
Food in anime,6960,7042,246397,583,4949,https://imgur.com/a/OBAZ4
I'll have to remember that one,6952,6985,312481,324,3646,https://imgur.com/a/IrEqn
I'll have to remember that one,6949,6924,352520,323,3240,https://imgur.com/a/Qibwd
When you have someone who really gets you,6922,6951,174292,147,1430,https://imgur.com/a/vXNOZmN
Because Physics,6865,6580,224570,407,2892,https://i.imgur.com/karLW5E.gif
How to Draw Faces from different Angles,6855,7210,103724,171,6622,https://i.imgur.com/o7o3hCb.jpg
I want everyone else to cringe with me,6847,7168,244152,943,3900,https://imgur.com/a/XneRVkY
I guess Red isn't *that* great of a Pokémon trainer...,6809,6693,8079,248,2314,https://i.imgur.com/ovNKiK4.png
"My Avatar the Last Airbender ""Elemental Ferocity"" 3D Lenticular Artwork ... hand drawn and self-produced!",6790,6787,136630,197,3721,https://imgur.com/a/kuGHo4W
"MRW a front page post suggests Kill La Kill as a ""starter"" anime",6787,7245,13269,1629,3015,https://i.imgur.com/uf11b2c.jpg
MRW I see a spider,6776,6779,236169,177,3905,https://i.imgur.com/bjF5tNc.gif
Ten of the Best Anime I'd Recommend to Watch,6769,7922,166495,757,7427,https://imgur.com/a/LShkX
"Ok guys, lets get stoned.",6745,6943,67321,267,3255,https://i.imgur.com/XfkQqL2.gif
Small Avatar dump,6694,6712,218391,358,2709,https://imgur.com/a/2oBRDLB
List of Worthwhile Anime (with brief Description),6671,7587,41263,429,7251,https://i.imgur.com/fTb36e0.jpg
Feels on the bus...,6656,6859,7999,349,2935,https://i.imgur.com/PNJUBQ4.jpg
Autumn 2014 anime list,6654,6753,20680,490,6845,https://i.imgur.com/CNPmKel.jpg
Remember Kids...,6625,6886,141329,324,2871,https://imgur.com/a/vNMfi
Now I'm hungry.,6616,6647,159296,443,3908,https://imgur.com/a/txffJAV
Trying to get out of bed in the morning,6593,6175,48645,307,3079,https://i.imgur.com/J0tz3gR.gif
Sick of crappy anime top 10's: Part 2,6588,7118,120153,492,6568,https://imgur.com/a/3Nodg
Watching the humans fall behind.,6575,7218,73066,180,343,https://imgur.com/a/BDJ8T
Knowledge ,6543,6536,187042,208,796,https://i.imgur.com/m791JYz.jpg
me_irl,6521,6144,7113,306,1739,https://i.imgur.com/NdaOYgK.jpg
A Beautiful Day,6508,6970,23555,339,4229,https://i.imgur.com/R1VRWD3.jpg
90's anime recommendations,6498,6687,237770,823,6737,https://imgur.com/a/O6XLl
Pokémon!!,6495,6480,162901,245,4205,https://imgur.com/a/qoNgCO8
Discussing anime in a logical  and mature manner,6452,6656,224020,729,3747,https://i.imgur.com/aDwUqZc.gif
Bros before apparent threats to national security,6445,7020,437836,142,2386,https://i.imgur.com/6iwQrKe.jpg
I few anime I recently finished and recommend,6396,6798,285191,810,12135,https://imgur.com/a/7S3Xw
How to defeat a deer,6379,6535,83434,398,3451,https://i.imgur.com/EfzOTbR.gif
TRY YOUR BEST,6376,6410,305929,144,3436,https://i.imgur.com/WXEYfV4.gif
Title not necessary,6367,6553,38393,293,2047,http://i.imgur.com/6MZoXlLh.gif
Hero,6322,6431,225198,324,1968,https://imgur.com/a/gNDfO
"Negative, I am an animated meat popsicle",6318,6458,273461,269,3644,https://imgur.com/a/8Ew3o
Happy 29th!,6296,6387,188294,202,1323,https://imgur.com/a/WurfA
Downvoting an image on the front page,6251,6589,30304,370,2342,https://i.imgur.com/a8Wlv6D.gif
"As a german: Regular Warmup for kids, not attack on Liver",6223,6373,10016,318,2288,https://i.imgur.com/M6yCPRC.png
McDonalds Japan,6214,6373,149751,618,3470,https://imgur.com/a/P3zqI
Live action anime fight done right,6187,6200,147914,233,3858,https://imgur.com/a/KbUdx9c
Bowsette Fusion,6157,6296,179381,425,3768,https://imgur.com/a/YLvyLXP
Commission - Teacher,6139,6509,289448,414,4150,https://imgur.com/a/ZEyQq
Just a gentle reminder that this masterpiece exists,6137,5710,1154820,365,4085,http://i.imgur.com/zyXaWlMh.gif
Cosplay,6137,6118,414186,456,3329,https://imgur.com/a/BLy9f
Earth is THICC,6129,6358,244635,359,2404,https://imgur.com/a/iyO5s9k
The truth ,6102,6228,215048,1100,521,https://imgur.com/a/YKogqh4
"""Don't look!""",6078,6173,211734,227,2423,https://imgur.com/a/EyYIxEm
Harry Potter and the Sorcerer's Stone,6078,6249,64479,194,3414,http://i.imgur.com/OLyZ1Nsh.gif
Dragon Ball in a nutshell,6077,6070,243445,642,1091,https://imgur.com/a/3xSyP
I Have Anime Gifs,6066,6469,135728,309,5592,https://imgur.com/a/HtpA0
FMA Cosplay ,6025,6120,198865,93,1676,https://imgur.com/a/ekuvmF0
Studio Ghibli Collection,6002,6048,121471,133,5472,https://imgur.com/a/byJJG
A smul dump in honor of net neutrality part 2 (new stuff that i stole),6002,6141,230601,271,1185,https://imgur.com/a/zxazWlT
Cake Day Dump,6000,6407,277309,321,2800,https://imgur.com/a/4qTqz
anime gifs some are broken sorry,5994,6193,109490,304,5161,https://imgur.com/a/16Xw1
The Day r/Wallstreetbets Made History,5964,6013,121194,293,1346,https://imgur.com/a/iCDR68O
Not Hentai,5964,6128,488441,283,3006,http://i.imgur.com/na7gI9uh.gif
His Power Level is OVER 9000!!,5953,5996,140830,193,1465,https://imgur.com/a/nPmwfHG
"Girlfriend asks for sexy times, not in the mood but I decide to try anyway",5943,6122,30419,533,1638,https://i.imgur.com/8aD5nUU.gif
A short title or a long description,5925,5998,323746,279,2941,https://imgur.com/a/blSFV
Six anime to get hyped for coming out in April,5861,6097,154137,299,5433,https://imgur.com/a/Z4xt8
"Ladies & Gentlemen of Imgur, Meet Celty Sturluson!",5843,6131,318412,424,4433,https://imgur.com/a/YlzuN
Toru Hagakure goes on a date,5841,5879,252235,386,2725,https://imgur.com/a/mzJnFvg
Cute story,5834,5991,174349,311,2746,https://imgur.com/a/1a8hhUT
You got a friend in me,5817,5804,168891,175,731,https://imgur.com/a/np0V52n
Found this gem on twitter! ctto:,5799,5921,128240,85,2489,https://imgur.com/a/64xckti
If McGregor kicked during the fight,5793,6071,48442,512,2870,https://i.imgur.com/zGNRiwm.gif
Just hanging out with the bae,5790,5547,8427,174,2091,https://i.imgur.com/fY7RBZv.jpg
Attack on Pokemon Art.,5774,5478,623975,224,3164,https://imgur.com/a/ZdSbL
Oh how convenient...,5771,6254,187133,408,3820,https://imgur.com/a/nWBG6
Wallpaper edits,5765,6142,258202,302,7664,https://imgur.com/a/3zkpX
Explosions,5749,5789,251196,336,2756,https://imgur.com/a/us8au
"Welcome to anime, please take a seat behind the tentacles",5734,5929,20675,571,2411,https://i.imgur.com/Ec0I9wc.jpg
16 great anime everyone should watch,5706,7502,672753,295,8703,https://imgur.com/a/U2Iba
Apps as Anime Program Girl,5694,5811,221662,331,4474,https://imgur.com/a/JpdN4nX
lol.. ,5677,5816,151205,319,3221,https://imgur.com/a/ASnP9IL
←←→→↗↗↑↑,5667,5851,143320,149,2123,https://i.imgur.com/wMF9REy.gif
A Little Bit of Training Goes a Long Way...,5665,5720,229952,398,1637,https://imgur.com/a/4IEDt
Kung fu fighting,5657,5689,219630,125,1847,https://imgur.com/a/rPNB4
For mothers day,5648,5724,28341,223,2392,http://i.imgur.com/GRXQR3Kh.gif
MRW I stop lurking and realize i can downvote,5635,6273,51587,223,2151,https://i.imgur.com/RS3TPj5.gif
How it feels to submit to user sub.,5633,5884,97564,195,1949,https://i.imgur.com/a96VhMR.gif
Except for the brah part,5631,5656,178989,271,1428,https://imgur.com/a/WftSZpp
DEATH NOTE,5618,5620,151477,187,1748,https://imgur.com/a/DqFTknK
The ultimate anime recommendation flowchart,5605,4623,801125,293,8212,https://i.imgur.com/q9Xjv4p.jpg
Opening front page and seeing my post,5604,5621,147168,161,2520,https://imgur.com/a/1shR3TI
I finally finished making my Angewomon cosplay wings!,5599,5681,172593,217,1417,https://imgur.com/a/RN3NyUT
Studio Ghibli on Netflix,5580,5600,151319,592,1541,https://imgur.com/a/HzHz3YA
Frieza,5578,5765,25207,205,2188,https://i.imgur.com/PmpgXHW.jpg
Alien Girl Visits Earth!,5572,5771,124480,765,2582,https://imgur.com/a/7pKWLi2
Respect her.,5560,5820,10050,195,2035,https://i.imgur.com/x5Ib9Vr.jpg
"Since there are so many anime lists, I made a random manga list!",5530,5629,257983,329,6931,https://imgur.com/a/FPHAg
Ya'll wanna something cute as hell?,5525,5599,203188,231,2742,https://imgur.com/a/Gpy91Tx
Smooth Jazz,5523,5481,343617,375,3129,https://imgur.com/a/F6MeK
95.310% accuracy,5520,5659,175300,398,2137,https://imgur.com/a/ZktqgZJ
DBZ Historia Part 2 Age 720-749,5513,5746,284893,299,4431,https://imgur.com/a/OwYxX
Anime and Manga Reaction Image dump,5509,5616,135363,590,5491,https://imgur.com/a/szCvyGY
AMV Done Right,5498,5617,195235,601,6407,https://imgur.com/a/umuuumN
Now listen here you little shit,5492,5606,27901,265,2285,https://i.imgur.com/Wt0z9Vv.gif
Finally finished Reflective Stocking Cosplay,5490,5688,153826,207,1619,https://imgur.com/a/uDl13Qy
When I read that someone firebombed Kyoto Animation,5478,5522,167217,698,1510,https://imgur.com/a/MGzFiWC
I MADE THIS FOR YOU!!!!,5442,5555,695631,275,2283,https://i.imgur.com/QEVtqqq.gif
Please don't,5427,5526,155852,669,1822,https://imgur.com/a/DFmBR2S
Anime and history,5420,5502,134044,318,2905,https://imgur.com/a/Ig29Ftp
This Uta cosplay is so spot-on he might as well be Uta (Tokyo Ghoul),5408,5094,493312,354,2590,https://imgur.com/a/u3C3w
Sup Imgur... How late is it?,5401,5908,10649,420,2191,https://i.imgur.com/rlKDbny.jpg
"If you only face forward, there is something you will miss seeing. - Vash the Stampede",5394,6163,32198,224,1561,https://i.imgur.com/x9jdATq.gif
Trump Vs. Biden,5359,5474,107429,313,2704,https://imgur.com/a/abA0m9v
Anime doodlers unite!,5347,5458,198062,324,3274,https://imgur.com/a/im5kE
Lust Cosplay from Fullmetal Alchemist,5344,5525,155338,246,2122,https://imgur.com/a/ROSjyGA
"Toru Hagakure, Invisible Girl cosplay",5339,5314,249685,222,1143,https://imgur.com/a/8XbNtdr
My top 5 anime to binge watch,5332,5957,99440,342,5661,https://imgur.com/a/bc9sp
A Legend...,5328,5381,233025,354,1759,https://imgur.com/a/OGMj3
how to: a guide for gentlemen,5311,5346,314740,361,2400,https://imgur.com/a/9Ndqt
I relate to Moon-Chan.,5298,5605,245207,431,3121,https://imgur.com/a/p8C90
The Feels are over 9000!,5297,5285,186177,230,503,https://imgur.com/a/oQnzP
An important message from Mei,5296,5400,138341,172,511,https://imgur.com/a/Au1BH7X
Disney movies as anime,5275,5405,201102,273,4231,https://imgur.com/a/r4Wk9NI
What a time to be alive,5271,5345,233527,467,1532,https://imgur.com/a/rmpAq
Fanbase for everything,5257,5659,158874,245,4146,https://imgur.com/a/oYHWZ
Mother son cosplay.,5253,5297,234784,216,1242,https://imgur.com/a/0XJQH
Change of Scenery ,5239,5170,212981,76,5906,https://imgur.com/a/2sTmy
Dump for Drew 49 - Anime,5231,5431,185431,397,3447,https://imgur.com/a/JYKxDxX
How to become the strongest person on Earth(tutorial),5209,5356,67912,340,3032,http://i.imgur.com/kKjOILph.gif
Anime vs Reality,5207,5420,214197,430,3268,https://imgur.com/a/il5xa
is this a dead(pool) meme?,5203,5286,193850,138,2030,https://imgur.com/a/aUwAIss
Before and after,5199,5361,161337,703,2606,https://imgur.com/a/2lcvs
One Punch feels,5193,5306,185147,305,2308,https://imgur.com/a/arYI3
Seems like a much better system IMO,5169,5143,183876,195,481,https://imgur.com/a/Qls1ouB
Truly a first world problem.,5144,5197,150215,259,2582,https://imgur.com/a/XFkzm
The art quality in Attack on Titan is truly second to none,5141,5006,27623,268,1469,https://i.imgur.com/4oSNaWG.png
Anime In Under 10 Words or less,5135,5352,218524,574,6688,https://imgur.com/a/JLpEu
Out of context anime is my favorite thing,5130,5248,103440,275,3209,https://imgur.com/a/WIbnm
Here's a small anime dump for you all... ,5122,5176,179265,434,6946,https://imgur.com/a/VlJdaZH
attack on titan with zombies,5112,5270,45965,232,4487,http://i.imgur.com/66p67enh.gif
Art by Miura Naoko ,5105,5200,157416,209,4976,https://imgur.com/a/JoQznok
"Jeez, even the background char’s are kinda recognizable ",5099,5145,206552,651,2231,https://imgur.com/a/Jfq1lSP
Smirkle is a slut.,5094,5170,140547,285,1723,https://imgur.com/a/6TgKckx
Rest in Peace,5084,5110,183134,273,1074,https://imgur.com/a/owElUFy
What To Watch For Summer 2019,5069,5174,159100,401,7270,https://imgur.com/a/yrQZUxd
Some more anime recommendations: Action/Adventure genre edition,5055,5254,208688,716,7780,https://imgur.com/a/BTHRC
"Before the Tokyo 2020 Olympics were canceled, some Japanese artists presented the country flags as if they were anime characters",5054,5061,174757,503,3146,https://imgur.com/a/NqnIsyr
When learned the truth,5042,5217,92929,312,4117,https://imgur.com/a/NbOZ6
.<,5030,5058,159107,357,479,https://imgur.com/a/RE0ywpA
This Douche Got 15 years in prison.,5009,5057,207233,990,1466,https://imgur.com/a/KN0v4
Dump for Drew 60 - Anime,5007,5144,153402,426,3046,https://imgur.com/a/xLJQ8U9
Ny Hero Academia meme dump,5006,5072,188854,190,3446,https://imgur.com/a/dU7sUZw
#Team Human.....,5005,5549,27668,164,188,https://i.imgur.com/yDMGqIR.gif
"OC D&D x anime gifs, part 2",5004,5628,123223,136,3550,https://imgur.com/a/uvZyC
Cringe dump,4990,5120,217901,723,1976,https://imgur.com/a/YcsZd
"Film and TV fanart by artist ""Gashi-Gashi""",4987,5039,207444,233,3857,https://imgur.com/a/JVtVp
You're out of here!,4985,4990,213850,260,1579,https://imgur.com/a/H3lN6
Studio Ghibli artwork ,4977,4947,200141,178,4438,https://imgur.com/a/l21Yp9r
Life advice from 38 anime characters ,4972,5015,178897,327,5123,https://imgur.com/a/t8uoKLb
Stranger things,4965,5052,143347,142,1691,https://imgur.com/a/wH0yc5F
A Tribute to Kyoto Animation,4962,5009,130587,304,2805,https://imgur.com/a/Sjk17OJ
If brand names were anime characters,4957,5224,147551,464,4126,https://imgur.com/a/7Q1JgCt
Earth-Chan > Bowsette,4956,5151,205419,244,1189,https://imgur.com/a/H1eVg1R
Drawings!,4947,5059,168723,131,3102,https://imgur.com/a/3iTEg
Here’s some of the best anime shows out there (part 2),4943,5147,200600,667,6959,https://imgur.com/a/XImCy
Testicle difficulties,4935,5004,213670,378,1320,https://imgur.com/a/bY1y0
Garden of Words Gif,4932,4944,102214,122,4105,https://imgur.com/a/VMJiS
FMAB Wallpaper dump,4918,4951,221959,229,3712,https://imgur.com/a/r0n3vB9
/r/anime recommendation chart 6.0,4910,4978,380413,580,9658,https://imgur.com/a/nnG8W
Figuring out how the skull of this anime person would look since her mouth is almost in line with where her eyes start.,4892,4941,159772,301,1507,https://i.imgur.com/8bWlP5n.jpg
Want some dark anime to watch? Here's some of my recommendations,4888,4960,133772,444,6859,https://imgur.com/a/FDDDQ1V
(REPOST) Helping out a brotha choosing your anime!,4886,5016,135781,600,7508,https://imgur.com/a/4wbbRRp
I love this so much,4884,4869,218906,124,1838,https://imgur.com/a/WQXcUYM
Reflective Stocking Cosplay,4883,5017,153777,349,1327,https://imgur.com/a/68rlOvG
Anime Recommendation List,4864,5095,167341,660,7017,https://imgur.com/a/D8kPIDQ
Anime I've Watched Alphabetized....sort of...,4849,4943,150807,467,6977,https://imgur.com/a/lOtjEfd
"Loops, like a donut.",4847,5011,30494,254,2057,https://i.imgur.com/tZ3g41d.gif
When can I say this ......,4833,4866,148363,142,963,https://imgur.com/a/RnCG7pk
Lust FMA- Box Turtle Cosplay,4813,5061,206187,370,1527,https://imgur.com/a/Gy44Z
truth?,4805,5041,218018,300,2651,https://imgur.com/a/7MbIo
News from Fukushima,4803,4852,207860,190,4134,https://imgur.com/a/zk92u
Just sayin...,4790,4818,149989,369,473,https://imgur.com/a/33MTfsQ
Change of Scenery Pt. 2,4789,4738,202068,93,5020,https://imgur.com/a/ge05kW5
Want some anime to watch? Here's some more of my recommendations,4784,4850,155091,489,7040,https://imgur.com/a/VVGCjHY
Heres a lot of recent Pokemon Terrariums that I have made! What is your favorite?,4783,4786,153206,271,2727,https://imgur.com/a/r5yi8Mo
Be considerate please,4779,4829,175574,191,2460,https://imgur.com/a/zg3ygHe
Looking at you,4768,4823,201001,360,1492,https://imgur.com/a/mJb6w
:c,4767,4779,174778,79,641,https://imgur.com/a/CWIis4L
Concerned moms against anime,4757,4567,22646,372,1230,https://i.imgur.com/ugfaJUv.png
"12 favourite, anime list. Hope you guys get good use of it.",4757,4804,121440,722,6609,https://imgur.com/a/NGN55O3
Sick of crappy anime top 10's?,4755,5002,60505,461,4386,https://imgur.com/a/HyHaM
????????????,4752,4847,201011,386,3372,https://imgur.com/a/gen1eT3
That one guy in each anime,4741,4780,143961,322,1208,https://imgur.com/a/SmuA2FZ
Nezuko the secret babysitter,4734,4822,143472,201,3086,https://imgur.com/a/I1mXqzw
I heard a Husky was cast as Ein in Netflix Cowboy Bebop... Can my dog be cast instead?,4734,4759,145142,278,732,https://imgur.com/a/Dwr8PCw
Ghost in the Shell,4696,4717,302476,379,2458,https://imgur.com/a/N6QIT
Press F to pay respect,4684,4743,147827,296,1220,https://imgur.com/a/PeOLAxl
Butterflies apparently fly up to the stratosphere,4681,4760,172643,330,3113,https://imgur.com/a/Hgb49vl
.,4674,4694,164732,192,1699,https://imgur.com/a/VuMqyoU
Magic,4671,4810,36495,510,2434,https://i.imgur.com/gvlAvuh.gif
Anime I Thought Were Worthwhile,4668,5012,109952,402,4435,https://imgur.com/a/Zh4uF
One cool player of the baseballs,4648,4615,135242,130,813,https://imgur.com/a/LPxxMoJ
*Blushes*,4641,4870,32090,127,2521,http://i.imgur.com/NDuMUjsh.gif
Anime Dump with a little lewd,4631,4784,238400,598,3220,https://imgur.com/a/7a9ka
Gotta love the internet ,4630,4779,157101,415,2092,https://imgur.com/a/mL4z4zG
Smol dump out of order.,4621,4739,194691,138,1387,https://imgur.com/a/kvK2G2f
For da beginners like me,4620,4808,177503,565,7504,https://imgur.com/a/GnbPxBU
There's one in every group,4616,4644,180384,288,1494,https://imgur.com/a/9F1T4
Anime=Heresy,4607,4756,155738,307,2535,https://imgur.com/a/TmmbQxk
Sharing a little something I did,4603,4654,126628,185,2959,https://imgur.com/a/pIEFrcF
Anime Food: Jade Dumplings,4598,4614,151930,156,3589,https://imgur.com/a/Iz5ZEMq
Old School Anime FTW,4593,4653,106000,324,4853,https://i.imgur.com/5veRPHA.gif
Anime Directors,4585,4635,137961,275,5443,https://imgur.com/a/qjhT9IS
Damn this hit me hard,4580,4557,138084,174,620,https://imgur.com/a/HYLQEHl
More out of context anime,4574,4689,185043,338,4695,https://imgur.com/a/yRSkx6F
Upgrade ,4572,4293,705951,262,1279,http://i.imgur.com/5VAnuemh.gif
"""I raised that boy""",4562,4614,155174,290,2320,https://imgur.com/a/xD6YQED
Anime/Manga Recommendation Charts Collection v1.1,4561,4684,155045,332,7125,https://imgur.com/a/crycnel
Classical art reimagined,4558,4623,115175,111,2413,https://imgur.com/a/osQA3Vz
Zelda stuff,4554,4598,180132,434,3531,https://imgur.com/a/vztxHrF
Unique High Quality Cowboy Bebop  Pictures 50+,4551,4622,188558,254,4191,https://imgur.com/a/8pAz5
"I'm an illustrator and I tried to create fake still frames from a non-existing anime feature film called ""Robo-bee adventure"" What do you think?",4538,4515,157037,413,1912,https://imgur.com/a/A0JC9hM
Looks like one of GHOST IN THE SHELL scene but this is an actual building in Macau,4533,4488,163627,127,1831,https://imgur.com/a/vlm0035
Painting Over Pokemon Cards: Piplup process,4532,4579,193253,248,1350,https://imgur.com/a/g4j6GUU
Releasing pressure limits!,4530,4599,453109,548,3453,https://i.imgur.com/Ff2bToX.gif
I will steal your eye water,4530,4651,145308,204,2531,https://imgur.com/a/k56oy
Take a gander at those chrome tabs,4528,4751,9273,123,2277,https://i.imgur.com/hQlEqZU.jpg
Don't lie; you've tried this too.,4514,4384,126524,331,2142,https://i.imgur.com/dZtFNGc.gif
First ALTDS of the new year! Sorry it took so long *Disclaimer Version*,4499,4706,201466,594,6937,https://imgur.com/a/1bCBh
I used to collect odd and/or out of context anime screenshots,4498,4701,87297,266,3270,https://imgur.com/a/AnF6t
Character Vs Cosplay (@enjinight),4487,4662,168511,284,2631,https://imgur.com/a/DEbLTUq
Bruh,4485,4473,139416,420,1090,https://imgur.com/a/YTOZtNb
Anime....,4478,4732,202054,253,1983,https://imgur.com/a/K2QES
Little Witch Academia,4475,4515,207561,181,1679,https://imgur.com/a/OdbVz
Ash’s Story,4453,4432,145060,90,867,https://imgur.com/a/v7r5iQF
cute witch buy wallpaper,4450,1458,6136982,75,943,http://i.imgur.com/VeIFp74h.gif
Assorted Animemes with Varying Amounts of .jpeg,4448,4495,200127,303,2566,https://imgur.com/a/IJqBC
When Senpai notices our Twitter.,4442,4462,192287,291,1092,https://imgur.com/a/z4pOY
Treasure! What do you think? ,4441,4529,180555,197,1021,https://imgur.com/a/MDwGUzH
658 pages flipbook,4434,4202,656527,137,1178,https://i.imgur.com/KCsRyky.mp4
Thanos alternative goal,4429,4517,209422,541,1939,https://imgur.com/a/eQzRQsV
this makes miss my childhood :'),4427,4452,135807,217,1188,https://imgur.com/a/qDGsh5z
#2018 ^_^,4425,4515,217865,185,1956,https://imgur.com/a/OQalN
A dump I guess,4420,4523,123026,97,1066,https://imgur.com/a/2Dg1eOh
Sharing a little neat trick I learned on how to draw arms.,4420,4421,94726,247,2495,https://imgur.com/a/rGarwwE
I'm celebrating the World Cup in Anime style [Yes I'm German],4408,4040,21982,197,1698,https://i.imgur.com/ocrzzFw.jpg
Checkmate,4408,4459,152766,201,1257,https://imgur.com/a/6PQCBiv
"""Younger sister it is""",4404,4462,147401,392,2023,https://imgur.com/a/UGazBhK
Internet Explorer vs. Chrome,4402,4459,147299,500,2351,https://imgur.com/a/MGkV4RW
Crawling Dreams,4401,4683,197756,353,3536,https://imgur.com/a/KNkXl
Animes to watch while the world is ending,4398,4462,135964,412,5785,https://imgur.com/a/cVIkhm3
*Intensifies*,4396,4488,141697,185,2774,https://imgur.com/a/Xgauj
"Realistic? , This Anime Rain Tho",4387,4421,204556,224,1854,https://imgur.com/a/BwPFg
A Lesser Known Celebrity Death,4387,4423,194388,185,1631,https://imgur.com/a/r6UOw
No more Minecraft genitals,4387,4375,156123,193,492,https://imgur.com/a/hEZ6AoU
GENETICS,4369,4536,261080,940,1478,https://imgur.com/a/XWQhk
When People Take Anime Too Far...,4357,4446,81021,168,2056,https://imgur.com/a/iwm4l
What is she...,4355,4455,91948,249,2400,https://imgur.com/a/8KZLkq2
Oh man that bounce when he hits﻿,4349,4340,206224,370,1001,https://imgur.com/a/y3nBF
Impulse Control,4346,4404,118538,101,3372,https://imgur.com/a/cYDPZcZ
Earth-Chan is not alone!,4335,4555,200989,416,3522,https://imgur.com/a/vc4Y3
STARWARS,4332,2804,3214956,85,1517,https://i.imgur.com/Giyh8dI.gif
Anime Memes,4325,4442,179454,253,1716,https://imgur.com/a/2wDtPXe
Boku No Hero dumparoonie!,4324,4473,165316,234,3195,https://imgur.com/a/EmPMs1W
What to watch for Summer 2018,4322,4458,186970,423,7068,https://imgur.com/a/xyr7PYN
"Anime Protagonist Syndrome, Vol. 2 [LONG]",4319,4364,178813,225,3803,https://imgur.com/a/vo7mSYh
Fascinating facts about anime,4312,4401,189616,330,2422,https://imgur.com/a/W7xDL
"I was bored and looking up voice actors for Avatar: The Last Airbender and The Legend Of Korra, and a few of these really surprised me.",4304,4347,150628,217,2193,https://imgur.com/a/U2czt
*Drinks water erotically*,4301,4756,127072,324,2264,https://i.imgur.com/kLsijBw.gif
Kwai ,4287,4312,190196,364,742,https://imgur.com/a/CyX9D
How it feels when Team Human has more points,4281,4826,90665,152,158,https://imgur.com/a/YzWji
A small Anime dump to watch over christmas,4279,4496,171431,811,6139,https://imgur.com/a/UoO2k
Anime Memes,4278,4323,127035,543,1372,https://imgur.com/a/hJfDMMa
Anime Recommendations!,4248,4317,139613,305,6530,https://imgur.com/a/Yq6FIS3
For your future cringe dump compilation.,4241,4437,11093,570,1409,https://i.imgur.com/UKAysX2.png
My personal top Animes so far.,4237,4501,95765,509,3989,https://imgur.com/a/6v6cH
Freaking out over Japan trip in 4 days so.... Anime that have made me cry and where to find them.,4233,4339,181184,504,5347,https://imgur.com/a/YHnC34V
Taxi (Horror),4232,4213,138829,292,1262,https://imgur.com/a/9syk4iM
Anime List - A bit of everything for everyone!,4221,4435,101434,501,4125,https://imgur.com/a/6kGUZ
Console war...,4205,4313,122947,511,2428,https://imgur.com/a/6zwmDjI
"Remember the rules, Usersub",4186,4273,183824,329,1322,https://imgur.com/a/AAVE2eq
Every Single time,4182,4211,129027,291,966,https://imgur.com/a/1ukn8eo
When you start watching a new series but it suddenly turns a bit weird,4177,3970,735172,351,1597,https://i.imgur.com/5rIJwoj.gif
[OC]  Beach Girl Gif,4175,4447,121205,202,2448,https://imgur.com/a/sATJOFo
Perks of obtaining the Harem Ending,4169,4031,19778,258,1700,https://i.imgur.com/rHmdakz.jpg
" Today I learned that ""Sonyporn"" is a genre of art in Japan.",4169,4294,232302,341,3144,https://imgur.com/a/7VNq2
Alita: Battle Angel cosplay,4161,4296,160781,215,2465,https://imgur.com/a/Zsht7ZP
